emb 0,emb 1,emb 2,emb 3,emb 4,emb 5,emb 6,emb 7,labels
1.5435534,1.8004448,2.0867825,1.5853612,1.9213303,1.7878,2.1710935,1.3030484,neutral
1.9122008,1.4986805,1.7865986,1.6964284,1.6859553,1.3622835,2.1201074,1.2772444,neutral
1.8250575,2.0148592,1.8254918,1.5924385,1.8362347,1.8526338,2.1240127,1.4424461,neutral
1.6828513,1.9743434,1.7270713,1.2534245,1.8595209,1.8343368,2.1305273,1.5391349,neutral
2.1118984,1.5151057,1.6031075,1.5017164,2.0867388,1.6852964,1.9713182,1.5699743,neutral
1.8573959,1.9740113,1.8582207,1.4531996,1.9317145,1.8081115,2.2893257,1.613217,neutral
1.9981879,1.8114334,1.8625529,1.3999665,2.1412458,1.8632544,2.3138542,1.6503267,neutral
1.9262015,1.8960186,1.5339737,1.4421396,2.0473845,1.7102554,1.8443781,1.5558436,neutral
1.9172528,1.5743614,2.092534,1.6967567,1.9444463,1.5329561,2.0336788,1.4696941,neutral
1.7443328,1.8568437,1.7199392,1.5431232,1.9780807,1.6438055,2.1194708,1.6589434,neutral
2.0941055,1.4270414,1.9511131,1.6832722,1.8144026,1.280977,2.081361,1.3738787,neutral
1.7889912,1.7102339,2.3021028,1.5905182,1.7908576,1.8627042,2.522467,1.2749604,neutral
1.7050234,1.8731519,1.9512957,1.2919723,1.9312109,1.8039548,2.1170268,1.4678566,neutral
1.6675913,1.8364902,2.0208066,1.2194513,1.9642174,1.7633151,2.3392553,1.5611223,neutral
1.6035999,2.0047824,1.5979127,1.3355556,1.7764282,1.7075735,1.9266802,1.5832723,neutral
1.9196031,1.8894347,1.6013023,1.4756832,1.9683715,1.8425524,1.9553256,1.5206851,neutral
2.1693945,1.7519853,1.5512134,1.674317,2.1085687,1.459561,1.8803078,1.4024082,neutral
1.950484,1.9382308,1.9182442,1.5600287,1.9761575,2.018403,2.2686477,1.481706,neutral
1.6960813,1.6401955,1.475517,1.4841963,1.6728362,1.4176478,1.9477156,1.4640384,neutral
1.8948781,1.7858913,2.020919,1.4483379,1.9835362,1.8239442,2.204121,1.4166793,neutral
1.7316612,1.7725857,1.9325813,1.4796594,2.0060375,1.6143817,2.0556245,1.3801677,neutral
1.9614543,1.5777954,1.950946,1.520925,1.8563691,1.3863436,2.260484,1.4083427,neutral
1.970117,1.519097,2.0596082,1.4519427,1.9049125,1.653757,2.0989215,1.520303,neutral
1.970528,1.9224615,1.7827958,1.6213058,2.1484594,1.5923868,2.1079788,1.3839844,neutral
2.2034175,1.633017,1.8557838,1.5381538,2.1758168,1.6333116,2.1675615,1.4468931,neutral
2.1535008,1.8733739,1.802905,1.7899717,2.2046063,1.7777655,2.059234,1.2731043,neutral
1.9367477,1.6642667,1.8434541,1.37641,1.9335905,1.5079318,1.9924835,1.5873729,neutral
1.9862435,1.7362472,1.7982497,1.66508,1.840344,1.7584107,1.9657091,1.4221401,neutral
1.799958,1.9215482,1.7455795,1.5727402,1.7259574,1.6202921,2.0936286,1.3920363,neutral
2.0258532,1.9248451,1.8640293,1.4491858,2.0447903,1.6860389,2.227842,1.5319113,neutral
1.9321579,1.7458062,1.6332167,1.7349583,2.154227,1.4027712,1.9569883,1.2994854,neutral
1.8265855,1.8812352,1.7347422,1.4264789,1.8319751,1.6725041,2.0132885,1.4246371,neutral
1.8333732,1.8843526,1.6938516,1.6382389,1.801056,1.8062221,2.1879942,1.521539,neutral
2.253984,1.3906395,1.7159176,1.5332899,1.9580958,1.4051294,2.1563106,1.3598169,neutral
1.886554,1.829702,1.9892508,1.622419,1.8633149,1.7384489,2.200182,1.410818,neutral
1.855554,1.9030633,1.6286546,1.6753381,1.9121724,2.0126586,1.9956293,1.4587456,neutral
2.0842981,1.8223249,1.6666936,1.5459872,2.0469196,1.8654857,1.8897874,1.4038632,neutral
1.8538401,1.7088025,1.6953713,1.2090808,2.0499394,1.9617382,2.41606,1.6282184,neutral
1.9525768,1.6242944,1.868508,1.3582349,2.1773498,1.5147705,2.3086946,1.516795,neutral
1.8343718,1.7121155,1.4817091,1.4644533,1.9521409,1.9841632,2.0878758,1.6122249,neutral
1.7839609,1.9302266,1.6774068,1.6900898,1.755878,1.5208235,1.9261402,1.3057986,neutral
1.7749732,1.5907255,2.0454876,1.5848504,2.1333284,1.5590397,1.9958262,1.3622578,neutral
1.8681607,1.5068635,1.7772952,1.4276199,2.009031,1.3472311,2.029826,1.4169807,neutral
1.9928224,1.4497123,1.6460696,1.6631995,1.715139,1.2527188,1.9997119,1.3871698,neutral
1.7333905,1.4976538,1.6267087,1.7496115,1.6753651,1.4303827,2.0393674,1.3329642,neutral
1.9299861,1.8158965,1.7345971,1.3130776,1.9688938,1.7138134,1.8834201,1.4034563,neutral
1.7241443,1.6331192,1.5941074,1.2567879,2.0381188,1.7375128,2.166193,1.5773035,neutral
1.8906479,1.6784183,1.6769494,1.6169678,1.603367,1.4315547,1.7287203,1.4921349,neutral
1.9394548,1.5991839,1.6180959,1.358354,2.066914,1.8544847,2.332498,1.5790169,neutral
1.691587,1.900136,1.8487391,1.2802243,1.9664546,1.8440416,2.0520968,1.4878659,neutral
1.8969293,1.7296938,1.7031965,1.580933,1.734836,1.8821003,1.90521,1.4946376,neutral
1.7179621,1.559412,1.887715,1.68037,2.066082,1.6759957,1.9183705,1.5795648,neutral
2.1456456,1.4706252,1.9415219,1.6501404,1.9937948,1.3828956,2.0178442,1.4960028,neutral
2.0135937,1.9487247,1.6445028,1.5236679,2.0191414,1.9851311,2.1631536,1.4428712,neutral
1.5464396,1.8978323,1.9923506,1.1696007,1.8129214,1.794608,2.2668014,1.7242063,neutral
1.8072033,1.8316121,1.8640599,1.342379,2.0445724,1.7811383,2.1218202,1.5544332,neutral
1.6643561,1.8931733,1.921503,1.334627,2.0433867,1.8932822,2.0952852,1.4392743,neutral
1.8224536,1.9990305,1.7369707,1.3663902,1.9212202,1.879138,2.0254433,1.623527,neutral
1.8294754,1.6662524,1.9419066,1.3421236,2.0829265,1.5419683,2.1049395,1.4182866,neutral
2.2601562,1.4683211,1.8790268,1.4163274,2.1914055,1.4846375,1.9549328,1.5911152,neutral
2.022203,1.9388968,1.9259579,1.454953,2.040931,1.669061,2.293905,1.5853739,neutral
1.9898442,1.4968767,1.7437006,1.5846912,2.0480556,1.5895463,2.1739888,1.5775659,neutral
2.1333811,1.6808931,1.7912167,1.7769592,1.8861932,1.5085425,1.8846074,1.3784574,neutral
1.9051358,1.8754457,1.8254474,1.6677183,2.0861616,1.7029845,2.1752684,1.4306334,neutral
1.7043797,1.8479471,2.0550902,1.3302557,1.8112895,1.9640939,2.233905,1.1907218,neutral
1.9205767,1.8374505,1.8405687,1.8056376,1.9976941,1.3625977,2.0322268,1.2530992,neutral
2.1982038,1.7606225,1.820779,1.6990767,2.1097593,1.672514,2.0271587,1.475954,neutral
1.8063997,1.9143492,1.9676533,1.4153619,1.836977,1.7859845,2.2189693,1.6477653,neutral
2.0747802,1.6602547,1.6540207,1.457407,2.080738,1.7312374,2.2941175,1.5163565,neutral
1.8415518,1.7165011,2.010315,1.4322848,2.2561367,1.895101,2.1933951,1.4784423,neutral
1.878912,1.7673516,1.5956718,1.5217972,1.6580725,1.5691396,1.995963,1.403674,neutral
1.8176066,1.75857,2.10189,1.3541353,1.9683235,1.7572212,2.1553884,1.5088197,neutral
1.7612326,1.7574652,1.7110268,1.318933,1.841553,1.5991527,1.9963857,1.5267849,neutral
1.9302782,1.8591391,1.7998695,1.4524894,1.7630082,1.841409,1.9195898,1.6056948,neutral
1.7756115,1.8822742,1.8971478,1.393594,1.8021996,1.7151501,2.1377537,1.6240457,neutral
1.7869542,1.7935494,1.8798841,1.375896,1.805683,1.5700747,1.9689193,1.4913969,neutral
1.8020794,1.8951945,1.5635995,1.6380554,2.217463,1.5463148,1.9117782,1.3376486,neutral
1.593907,1.8554806,1.9194624,1.23781,1.9396533,1.6931497,2.1371174,1.4782664,neutral
1.9331418,1.483089,1.5982072,1.228981,1.9593565,1.6957885,2.1827269,1.6417125,neutral
1.5774972,1.8822618,1.987,1.4766595,1.6342546,1.8369836,2.27379,1.3940516,neutral
1.6485007,1.8823136,1.9028995,1.3171796,2.0737104,1.8082403,2.115596,1.534727,neutral
1.6470026,1.4204186,1.8121507,1.3615139,1.5315099,1.8739045,1.9881798,1.6711158,neutral
2.049362,1.874528,1.8523065,1.2727926,1.8464668,1.9643087,2.097666,1.3071909,neutral
2.0696762,1.5462898,1.8184965,1.5684432,1.950501,1.6576511,2.186342,1.4368128,neutral
2.0570645,1.5717316,1.6310384,1.2592074,1.883256,1.8222544,2.3053093,1.5960845,neutral
1.7042736,1.5998222,1.6766824,1.6540818,1.6477481,1.5648923,2.069246,1.1560687,neutral
1.9623411,1.421673,1.7961758,1.5079404,1.8369989,1.2526816,2.0854092,1.2891793,neutral
1.7251985,1.9071202,1.7311052,1.6712912,2.056491,1.5714581,2.054194,1.525022,neutral
1.955359,1.5568316,1.7465222,1.7859882,1.8520857,1.7663349,2.2168975,1.3337564,neutral
2.1578662,1.6306082,1.8457237,1.4847605,2.1535945,1.6718386,2.2985768,1.5419341,neutral
1.6590036,1.7394564,1.9475617,1.5938077,2.0377197,1.8213017,2.0181499,1.4798181,neutral
1.6675888,1.7454342,2.058595,1.5117234,1.8842412,1.5692714,2.1719518,1.2606747,neutral
1.83946,1.5472577,1.9133177,1.4366443,2.1856008,1.7298075,2.2214437,1.6020353,neutral
1.9341962,1.6055392,1.9638865,1.4033576,2.1960495,1.4806174,2.1943157,1.3530971,neutral
1.8466882,1.5348713,1.6382371,1.5848992,1.5346758,1.4461514,1.9579173,1.1980015,neutral
1.9869641,1.6552042,1.9078379,1.8749398,2.1370692,1.5759859,2.1429892,1.5270535,neutral
2.1607394,1.6800992,1.8377584,1.6916543,1.9681683,1.556187,1.9470835,1.3263425,neutral
2.1556609,1.7401931,1.9346503,1.7197454,2.0961943,1.6702344,2.1733184,1.3886201,neutral
1.6585315,1.6406751,1.7329122,1.4824367,1.5162529,1.5619923,2.092577,1.4983201,neutral
2.188436,1.6412141,1.8969455,1.5293137,2.1086247,1.5355625,1.9913399,1.5602487,neutral
0.8765994,1.2146456,1.1399145,1.5811763,0.63859993,0.8798001,0.81519043,1.3267621,angry
0.7812235,1.1369978,1.0360601,1.5271116,0.66513574,0.90357643,0.8006293,1.311716,angry
0.71344817,1.2472047,0.8621271,1.6371431,0.5684832,0.7347301,0.440511,1.3624343,angry
1.19583,0.94653726,1.2134439,1.7132959,0.79151523,0.8987542,0.7072312,1.5334023,angry
0.85824394,1.1895398,1.090593,1.5402702,0.6264364,0.85307497,0.8043286,1.3136921,angry
0.8254562,1.1144234,0.9009304,1.6485271,0.5041176,0.6989273,0.4360042,1.164378,angry
0.91995484,0.98629385,0.95679116,1.6167736,0.6316531,0.59045243,0.49916434,1.2122375,angry
0.92229825,1.3053789,1.0671549,1.5119435,0.84062415,0.7668799,0.4539226,1.3777605,angry
0.9742592,1.3680998,1.2742275,1.4073119,0.9069861,0.8488897,0.84085643,1.3532981,angry
0.6853245,1.4801307,1.2421925,1.4102134,1.0871639,1.1288354,0.6872293,1.3681058,angry
0.9371591,1.2540808,0.8293047,1.4582986,0.7043631,0.8092509,0.33745492,1.290417,angry
0.8920572,0.98281926,1.0306118,1.5811287,0.81892097,0.99687946,0.90293276,1.5825471,angry
1.0366563,1.2947344,0.84628105,1.2662203,0.77437085,1.1224781,0.58980644,1.5686215,angry
0.7354042,1.2318332,1.0464002,1.6399575,0.5902486,0.82844865,0.6379872,1.2918525,angry
0.9029297,1.128377,1.1842655,1.6025122,0.86818206,0.7563549,0.85086375,1.2293006,angry
1.0785724,0.9692914,1.4850236,1.6172417,0.69336,0.55117255,0.51065433,1.3597425,angry
0.78319395,1.1586922,0.96669334,1.4137715,0.77666306,0.8170061,0.8291467,1.4534696,angry
1.1005415,0.90776694,1.2308793,1.4722612,0.51977396,0.69891816,0.7464858,1.4232595,angry
1.0899072,0.99501085,0.9618921,1.558117,0.75699115,0.71087617,0.67585367,1.4573864,angry
0.9236777,0.9227928,1.2074955,1.4093124,0.98285735,0.90548193,0.81474584,1.6417043,angry
0.7955156,1.2632743,1.1180124,1.3756471,0.9547526,0.9111901,0.5221176,1.2335215,angry
1.0428658,1.212353,0.97141284,1.5843781,0.585306,0.7345763,0.35572433,1.3672973,angry
1.0849574,1.0326611,1.1451966,1.1617357,0.70398784,0.9301374,0.924962,1.5891654,angry
0.9520954,1.2559389,1.0526483,1.6191717,0.7141072,0.8943527,0.57142335,1.2753032,angry
1.0209806,0.9012917,1.0018028,1.3146464,0.8611867,0.74100727,0.48901454,1.5198911,angry
0.6031359,1.499558,1.0955356,1.4781303,1.0339116,1.0586376,0.4785763,1.3247135,angry
0.8882978,1.0330372,1.3354408,1.6551601,1.0163435,1.1372911,0.755418,1.3121998,angry
1.1069074,1.0678495,1.1032594,2.0176985,1.0590681,1.0049239,0.67951894,1.2192767,angry
0.75519973,1.1079416,1.3689467,1.5155389,0.9947024,0.8138569,0.8238001,1.4893491,angry
1.0382879,1.1837955,0.9752897,1.4839966,0.75968003,0.85942334,0.8501376,1.3499488,angry
0.76464456,1.5161079,1.1849177,1.6480323,0.8568352,0.9562713,0.62268764,1.2744288,angry
0.99960816,1.049869,0.8665111,1.3847724,0.7809411,0.9411263,0.6973116,1.6582013,angry
0.90475523,1.0191886,0.96946114,1.4065555,0.68268,0.98486805,0.69357514,1.636913,angry
0.67865986,1.4455025,1.1097673,1.3726933,1.0778999,1.0993649,0.6865546,1.4480513,angry
0.8251809,1.0550611,1.1084111,1.3120453,0.814127,0.9131755,0.36937657,1.5663934,angry
0.86028844,1.322146,1.1424366,1.6014537,1.0812668,0.68568987,0.6876743,1.2772552,angry
1.1412942,1.1625994,0.87644315,1.4673413,0.9068123,0.9056912,0.52600676,1.5522491,angry
0.82767147,1.1804777,1.1716557,1.3890013,0.79760677,0.9529144,0.75609875,1.3619858,angry
1.0807129,1.3423053,1.1080682,1.4621667,0.7607897,1.0932443,0.48745877,1.6146581,angry
1.0721766,0.9311672,1.2495126,1.7876946,0.97253275,0.77401364,0.6716948,1.557407,angry
1.1347479,1.1501899,1.2502263,1.3848218,0.9034092,0.92781794,0.8711202,1.432295,angry
1.0766243,1.0265948,1.2046728,1.4884952,0.6243177,0.96122247,0.83953243,1.5172313,angry
1.3469821,1.2238814,0.9281128,1.6895276,1.040512,0.9762618,0.56902725,1.4718058,angry
1.0156465,1.1418898,1.0496857,1.4896904,0.59017825,1.0768105,0.6091346,1.6155089,angry
0.9341582,1.4359406,0.92181695,1.6322297,0.77147156,1.1741332,0.77374154,1.4277143,angry
0.8025952,1.3669614,1.1690497,1.7062225,1.1554093,0.7703823,0.6702758,1.1530136,angry
1.0212075,1.2312847,0.956614,1.6882073,0.996435,0.74489576,0.45338467,1.3787098,angry
0.8702072,0.9371965,0.9042366,1.4147537,0.7639998,0.883527,0.7391775,1.6021147,angry
0.90766406,0.8142507,1.2558382,1.6866647,0.8583711,0.48488644,0.56385225,1.3873242,angry
0.9544986,1.2628396,0.92949337,1.6150943,0.59282064,0.81555873,0.49042773,1.251786,angry
1.2240874,0.72073555,1.0049926,1.5156263,0.82496744,0.64726704,0.6734368,1.3986862,angry
0.7429765,1.3787539,1.3311431,1.4574543,0.75415885,1.0454375,1.0483818,1.3401054,angry
0.8020522,1.068769,1.4954126,1.4708126,0.70723236,1.0441455,0.9049533,1.2762827,angry
0.8251777,1.5364823,0.6913993,1.5215899,0.8251314,1.0580508,0.4743537,1.2913132,angry
1.1228386,1.2585994,0.89415914,1.4639004,0.9498884,0.86452466,0.64221513,1.4660133,angry
0.7911671,1.1158549,1.1784457,1.5212162,0.54631966,0.9046456,0.7564416,1.3224058,angry
0.98401994,1.0436068,1.430731,1.4478151,0.72600055,0.86119777,0.9877678,1.2501842,angry
0.9152059,1.1658326,1.0749053,1.4619353,1.0596931,0.9648237,0.91301495,1.3215381,angry
0.9376917,1.2464254,0.87853855,1.8244663,0.7442596,0.77884924,0.48730695,1.1624689,angry
0.75854677,1.2677515,1.0737764,1.674533,0.6733851,0.75334764,0.6229593,1.1629148,angry
1.0796688,1.1293161,0.9268237,1.4594432,0.91888094,0.7837599,0.71575665,1.2676554,angry
0.8626366,1.2844473,1.4000345,1.4814873,0.71583855,0.84724647,0.7905231,1.2334762,angry
0.66697365,1.381145,1.0810826,1.5659077,0.8638878,0.80257183,0.5237462,1.1299272,angry
1.0508937,1.1531475,0.9741172,1.677995,0.65066457,0.79075104,0.621061,1.2303623,angry
1.0386415,1.4381249,0.9745274,1.6121136,1.1974031,0.8501849,0.8841714,1.2470137,angry
1.1287209,0.82004875,1.1146787,1.520494,0.72490793,0.5822525,0.5038604,1.4000924,angry
0.7904092,1.195049,1.2910715,1.3824273,0.87928605,0.92379946,0.80575305,1.1850753,angry
1.0696032,1.0638689,1.2586229,1.2444352,0.90236,0.79446125,0.87580967,1.570543,angry
1.0201399,1.0912772,1.2987581,1.486736,0.868231,0.7704353,0.6778834,1.4959718,angry
0.83314216,1.1867353,1.1018679,1.5469472,0.6294015,0.8580428,0.7985028,1.411862,angry
0.92848253,1.1444532,1.1535883,1.7191654,0.73361915,0.752081,0.6798637,1.2281997,angry
0.9587569,1.2218636,1.2655914,1.4598659,0.71867985,0.7872884,0.86941206,1.4426378,angry
0.6455576,1.3015327,0.9744943,1.257334,0.57888156,1.1054827,0.9559577,1.4622623,angry
1.2237496,1.2895207,1.0967978,1.4059789,0.84125656,0.7690647,0.5605622,1.2909477,angry
0.97624695,1.27507,1.2509729,1.4599146,0.8286922,0.8079858,0.6479998,1.3934835,angry
1.2079656,1.082584,1.1934081,1.5604306,0.91244143,0.8091305,0.6804197,1.6571975,angry
0.83443993,1.2210006,1.0333673,1.8062032,0.8857821,0.53188246,0.43307552,1.2029244,angry
0.9204151,1.0591267,1.040325,1.3351655,0.79196316,1.023387,0.90914,1.5489784,angry
0.98187464,1.2396746,0.82929546,1.6507263,0.92542803,0.79536986,0.49397698,1.2123655,angry
0.6005839,1.25132,1.1400539,1.4829303,0.42454475,0.7577573,0.47013542,1.2995358,angry
0.7870911,1.1386416,1.1616944,1.2145724,0.75022393,0.7847791,0.40318173,1.4762353,angry
1.0275638,1.1642238,1.0515912,1.5352176,0.60763013,0.8469701,0.74545324,1.3077303,angry
0.7942723,1.1554646,0.94271964,1.6149004,0.64104664,0.8139627,0.51720506,1.225232,angry
0.80730313,1.1628777,0.9332793,1.4940569,0.9276396,0.83934873,0.8148082,1.3752066,angry
0.69662786,1.0055708,0.9576255,1.4455316,0.7989019,1.0815759,0.7352853,1.5664626,angry
1.0316788,0.92882866,1.0217148,1.3825234,0.99517846,0.92648137,0.68590957,1.3845849,angry
1.0854008,1.2143493,1.2226988,1.5703785,0.83890915,0.84234625,0.5233996,1.4693984,angry
0.95759535,0.75764525,1.173886,1.589782,0.6412452,0.7261458,0.7440711,1.2148691,angry
0.9114898,0.95518917,1.4062272,1.5645926,0.76703495,0.7462688,0.7332791,1.3187261,angry
0.7193568,1.3972263,1.2419648,1.3804386,1.0603361,1.0327872,0.6537385,1.3570305,angry
1.2937884,0.82012945,1.2211021,1.3302041,0.7935133,0.64838195,0.8419746,1.5325983,angry
0.85114217,1.3223188,1.1983769,1.7308109,0.8985821,0.7994846,0.6964294,1.3950667,angry
1.0048265,1.1582009,1.0314102,1.3727056,0.68284655,0.9195568,0.8396963,1.4778199,angry
0.7833889,1.2625259,1.0791428,1.3445864,0.7259402,1.1018404,1.0913315,1.3962752,angry
0.85851085,1.46441,0.99869204,1.4959242,0.9422628,0.9050687,0.7687334,1.4498799,angry
0.8223054,1.188553,1.220613,1.4578936,0.5306972,0.69453114,0.6021463,1.4550115,angry
0.99726194,1.2902952,0.9725701,1.5866334,0.82746804,0.97944784,0.8365913,1.1675433,angry
0.7876259,1.0436276,1.4055635,1.602898,0.6581623,1.0806993,0.8546481,1.1669707,angry
1.0448539,1.0362713,0.9883652,1.5457258,0.59752184,0.75147307,0.5686376,1.3372707,angry
1.0694885,0.96458113,1.1184855,1.4462771,0.938344,0.69295704,0.5457506,1.4772716,angry
2.8816605,0.6817025,1.823373,1.8465555,2.1166868,1.2009858,1.4682703,0.7656845,fear
2.9712665,0.45823526,1.9293977,1.6417776,2.2803369,0.70024973,1.6243832,0.83075523,fear
2.8345208,0.4785742,1.6744419,1.8730494,1.784756,0.5949023,1.2040215,0.91870165,fear
2.7874503,0.6102424,1.8277869,1.930936,1.912219,0.93351644,1.3994156,0.9399453,fear
2.7465189,0.7215126,1.7594278,1.8462269,1.9587033,0.9835223,1.5288887,1.0557722,fear
2.94746,0.39621645,1.8479232,2.043019,2.27748,0.81347716,1.5593654,0.76926637,fear
2.8238995,0.30715895,1.912638,1.7095772,1.6218593,0.45591146,1.3446103,0.90717876,fear
2.7445748,0.52459747,1.9463509,1.5906557,2.3316572,0.8388531,1.6720669,0.9798824,fear
2.7711775,0.3029158,1.9234358,1.5197376,2.0902772,0.84634066,1.6769072,1.0666353,fear
2.892282,0.68401647,1.9974493,1.8506868,2.1208441,0.965554,1.6096624,1.0229487,fear
2.9462695,0.64416414,1.9898868,1.7275969,2.2918515,0.7348122,1.6550322,0.9701539,fear
2.7690907,0.41635346,2.0195675,2.0893614,2.0905716,0.77351934,1.3252951,0.7494367,fear
2.75039,0.6005559,1.992934,1.6811564,1.8938738,0.6923518,1.7440814,0.97625023,fear
2.571965,0.49675307,1.8224798,1.6075262,2.030157,0.78917265,1.6422788,0.8863875,fear
2.6191688,0.28241235,2.0914195,1.8243394,1.8218845,0.7792141,1.3540683,1.0263919,fear
2.6255748,0.84826106,1.9075216,1.5839834,2.141811,0.8047057,1.4878095,1.0160235,fear
2.779269,0.72537476,2.035536,1.6611718,2.3040283,0.8075945,1.5878624,1.097573,fear
3.1415927,0.3589027,2.0229177,1.8560553,2.2417622,0.58486855,1.5456662,0.8930095,fear
2.7872126,0.41117525,1.9200215,1.6523844,2.1179888,0.8269595,1.7516613,0.9548478,fear
2.9204605,0.54441804,2.0053098,1.8813424,2.4811933,0.75525826,1.7789823,0.7508031,fear
2.8166122,0.6239225,1.7990855,2.071281,2.170973,0.882922,1.4816709,0.81250536,fear
2.8062627,0.5054074,2.263898,1.712551,1.8897706,0.7309011,1.6837907,0.9507558,fear
2.6492143,0.57564515,2.2654898,1.8927891,2.2228353,0.70752645,1.4119469,0.86499274,fear
3.0232482,0.6084437,2.085183,1.8546119,2.1901991,1.0891808,1.9249718,1.049833,fear
2.7216702,0.772593,2.1174746,1.7137944,2.2862108,0.8137835,1.6111609,0.84555084,fear
2.7139556,0.7949438,1.6438111,1.9579332,2.0270467,1.0281577,1.2892493,0.91359174,fear
2.9678879,0.663181,1.8254993,2.0470767,2.1020281,0.8537762,1.4334253,0.73731756,fear
2.947981,0.6508631,1.9974468,1.8943368,2.2584198,0.8138955,1.66292,0.8771319,fear
2.8311567,0.69158083,2.0398448,2.1052513,2.3711402,0.92001003,1.393993,0.7267484,fear
2.8703914,0.6372598,1.924989,1.8194633,2.0341086,1.1119943,1.5091656,0.83750725,fear
2.7754235,0.88933104,1.7765465,1.7267687,2.3437274,0.98903364,1.4202589,0.926527,fear
2.9725492,0.717881,1.8161789,1.914259,2.1599648,0.9898891,1.4765863,0.967097,fear
2.6656177,0.70355976,1.962336,2.0556521,2.115263,0.89230627,1.535566,0.93063235,fear
2.8620267,0.70226437,1.8577915,1.8259171,1.9638153,0.7233994,1.5106865,0.9769588,fear
2.6147053,0.5439859,2.2524772,1.7088096,1.8715444,0.54141355,1.5201474,0.95699173,fear
2.8448966,0.6489265,1.8846636,1.873747,1.9992669,1.0609134,1.4511513,0.881887,fear
2.6651251,0.9670357,1.4747728,1.9827039,2.2475343,1.0502584,1.3408241,0.9043494,fear
2.84225,0.6947056,2.026328,1.9320259,2.0294476,0.9071986,1.8593723,1.0010989,fear
2.8869176,0.51064074,1.7996858,1.9909103,2.0391347,0.77793837,1.4054252,0.89807224,fear
2.9647222,0.36940423,2.1603222,1.5320159,2.1392663,0.6527101,1.4763708,1.0390223,fear
2.8061652,0.7291487,1.8265381,1.8377196,2.0858188,1.206965,1.4833221,0.85544103,fear
2.8973792,0.6992051,1.7881327,2.045056,2.2509623,0.8249224,1.4061178,0.96030074,fear
2.7985015,0.5001652,2.066436,1.654879,1.6520876,0.6676236,1.6929513,0.8151751,fear
2.9263747,0.8369858,1.8057221,2.0603375,2.2048955,1.0015604,1.5033758,0.82797587,fear
2.9244304,0.5737364,2.0731635,1.7150704,2.050115,0.80725974,1.8103316,1.0705819,fear
2.6566846,0.77326834,2.0033684,1.8196095,2.1750655,0.96515405,1.5599904,1.1365699,fear
2.7368433,0.74754083,1.8427864,1.8381603,1.9847467,1.1633795,1.5055767,0.90103257,fear
2.8558602,0.6929803,1.9226761,2.1038334,2.2247708,0.9043462,1.4849875,0.66353655,fear
2.8923676,0.620678,2.0082366,1.853186,1.9636893,0.6901844,1.5227805,0.92096925,fear
2.791529,0.84802216,2.035393,1.7817546,2.1051605,1.081123,1.8459324,1.1072215,fear
2.79927,0.5416313,1.8303361,1.6932781,2.1844087,0.7645639,1.636664,0.9789541,fear
2.6816545,0.5989553,1.6016759,2.0073037,2.1692314,0.82850397,1.4651951,0.8486999,fear
3.0452702,0.26007858,1.9836726,1.9207803,2.1818278,0.88096505,1.4691904,0.80888927,fear
2.8750708,0.79812187,1.7325894,1.986432,2.144409,1.0959015,1.5500338,0.7980546,fear
2.8047688,0.65545523,2.0107028,1.787865,1.9722122,1.024326,1.8474542,1.0908941,fear
2.72775,0.67621624,1.6141934,2.1021492,2.1819315,0.50448483,1.0145243,0.7785256,fear
2.9303827,0.5465975,1.9704499,1.8406848,1.9889692,1.0060055,1.5070759,0.8964639,fear
2.9664526,0.39481714,2.0820038,1.928848,2.20402,0.7364619,1.6620942,0.8296197,fear
2.9496503,0.39833334,2.0297432,1.9158363,2.420421,0.58382934,1.6757443,0.70614994,fear
2.5047238,0.80519295,1.5888938,1.6600505,1.882661,0.6726538,1.3196964,0.7558186,fear
2.652413,0.96661067,1.6370567,2.0152779,2.1863818,1.2078192,1.5570191,0.8499894,fear
2.6324956,0.4015573,1.7828685,1.5901058,2.079712,0.7588282,1.5187489,0.96628267,fear
2.7227366,1.0136788,1.4898894,2.1099806,2.3817422,1.0562307,1.206049,0.7547865,fear
2.4833505,0.62155145,2.0862584,1.9874272,1.853567,0.5864965,1.4935234,0.72519577,fear
2.7200644,0.6350374,1.9448522,1.6161003,1.8788035,0.58160967,1.4906251,0.92351085,fear
2.6901772,0.6143934,1.8469698,1.9766703,1.920978,0.8267791,1.5920016,0.9391191,fear
2.846634,0.619009,1.9305989,2.0186741,2.0320003,0.93693024,1.4809269,0.81036544,fear
2.7963321,0.8284547,1.7621291,1.9641536,2.038652,1.0521401,1.4761492,0.83702433,fear
2.8928335,0.67338896,1.9042318,2.0535705,2.2477136,0.7563318,1.4969435,0.69754267,fear
2.6706188,0.414619,1.9087589,2.018145,2.2510073,0.7277882,1.4962438,0.86418086,fear
2.8616874,0.41394132,1.8491566,1.7226951,1.6807536,0.45159647,1.228125,1.0088938,fear
2.8999178,0.5044671,2.153677,1.9983855,2.0682085,0.96310914,1.6888418,0.7717394,fear
2.9412956,0.6381703,2.2885354,1.7004788,2.0185938,0.8269457,1.712799,1.0276291,fear
2.6475399,0.9287069,1.5368195,1.7535064,2.1469722,1.1855612,1.3970577,1.0965891,fear
2.82959,0.63337624,1.8560271,1.8592961,2.052883,1.0448339,1.4004347,0.9440617,fear
2.7994225,0.37627345,2.081735,1.7024444,2.04681,0.7042912,1.8023096,0.9526859,fear
2.7141576,0.33375162,1.7904551,1.7187192,1.9903585,0.6400973,1.4938511,1.0351778,fear
2.6356041,0.4327351,1.7479496,1.7813939,2.0197597,0.68754333,1.5129523,0.9113796,fear
2.7836876,0.7282612,1.7551564,2.1229017,2.0950124,0.92317945,1.2156999,0.69434744,fear
2.899973,0.66326725,1.9081184,1.996689,2.1789534,1.0268476,1.6242316,0.9538787,fear
2.9205706,0.29432675,1.900335,2.06981,1.9970069,0.27226225,1.1324111,0.7972426,fear
2.7178366,0.5463837,1.8965366,1.7089609,2.2090967,0.93291014,1.8218304,0.98025465,fear
2.5525548,0.61303234,1.803301,1.6989573,1.8784049,0.9504163,1.7703942,1.107828,fear
3.0365,0.72782356,1.9468167,2.0004961,2.444732,0.68215984,1.556856,0.89647764,fear
2.599747,0.5014268,2.2195172,1.9603342,2.106973,0.9782226,1.6426158,0.79965043,fear
2.9446685,0.6734123,1.8716935,1.9614601,2.1949646,0.9986404,1.5635978,0.9748199,fear
2.7467883,0.8011296,2.0906105,2.0676908,2.1966503,1.0690765,1.6815482,0.8581444,fear
2.5178454,0.4506397,1.8363974,1.5969393,1.8913255,0.8005601,1.6904453,0.9473015,fear
2.862363,0.65702313,1.9077637,1.8081601,1.809411,0.644516,1.4521182,1.0573164,fear
2.74085,0.6574729,1.8463967,1.8007755,1.8531303,1.0424582,1.4026284,0.9559175,fear
2.6692457,0.5534168,2.263981,1.8811235,1.9433908,0.6108546,1.6060618,0.6087945,fear
2.8139594,0.6456501,2.1094618,2.031313,2.1023855,0.92526835,1.5745767,0.90399766,fear
2.549949,0.7553882,1.7408593,1.6763002,2.0766706,0.852245,1.6093879,1.0953761,fear
2.9334707,0.5664136,1.8835343,1.8663803,2.0215504,1.0210125,1.4352013,0.8622729,fear
2.6897426,0.79578227,1.7985197,1.8361865,1.9831089,1.197262,1.4993829,0.92144686,fear
2.9168293,0.69186014,1.845386,1.5311141,2.298139,1.1626809,1.8721495,1.2346439,fear
2.9107351,0.5240634,1.920529,1.5742493,2.1358678,0.64925086,1.7077131,0.9702674,fear
2.7633042,0.8638173,1.6302421,1.6691378,1.9311683,0.8146539,1.1183404,0.9074633,fear
2.8911881,0.15933785,2.2967005,1.8327353,2.2497199,0.6745107,1.8394052,0.3899097,fear
2.9541075,0.5994867,1.8215138,1.9512098,2.1441705,1.0414556,1.4121442,0.78117424,fear
1.5624685,1.5418205,1.3073328,1.581182,1.7160858,1.2724208,1.2666222,1.4837823,surprise
1.6221882,1.7445155,1.0636412,1.9015108,1.6717736,1.2431589,0.915891,1.2264661,surprise
1.3590577,1.574455,1.3615667,1.7799491,1.8955469,1.2096088,1.1604584,1.2060193,surprise
1.5551438,1.6703988,1.0978581,1.6613712,1.7537729,1.3549699,0.89669406,1.1502733,surprise
1.5772034,1.5656627,0.9927837,1.5889401,1.8846577,1.5570503,1.3594899,1.419492,surprise
1.7278368,1.7632434,0.89191514,1.795962,1.685324,1.4115324,0.8876837,1.0907629,surprise
1.8924942,1.2650025,1.4747252,2.0307112,1.8301992,1.1009228,1.2938293,1.2083304,surprise
1.6445285,1.7670212,1.0839753,1.6046671,1.7688512,1.4379187,1.0392265,1.3121128,surprise
1.8077031,1.4029609,1.1744287,1.8743322,1.5517346,1.1611307,1.0728514,1.2862359,surprise
1.4747291,1.7658076,1.0712795,1.9791758,1.6762214,1.5264859,0.8750024,1.1087711,surprise
1.4260525,1.3300978,1.1129326,1.612709,1.7028573,1.274295,1.3882295,1.2172043,surprise
1.3707657,1.6766824,1.3325114,1.9093102,2.0148046,1.4029397,1.1934385,1.2094245,surprise
1.2338309,1.4926132,0.8988543,1.8167357,1.3869997,1.3525739,1.1449333,1.2321223,surprise
1.3783878,1.4831756,1.2462903,1.8066868,1.7050635,1.5755149,1.1420829,1.2235252,surprise
1.6955819,1.5068836,0.9535947,1.8977935,1.9046038,1.472971,1.0351133,1.3372039,surprise
1.3141267,1.7004203,1.4446443,1.7003937,1.7313863,1.3850939,1.2166193,1.148723,surprise
1.7710394,1.5296388,1.1569202,1.8877493,1.8336092,1.1919937,1.0843785,1.1852937,surprise
1.7010632,1.5725393,1.2584682,1.8865513,1.642244,1.2814965,1.2192847,1.335616,surprise
1.5701395,1.742972,1.0438396,1.838007,1.762414,1.2624173,0.9152508,1.1351426,surprise
1.7279462,1.7488141,1.277059,1.8245122,1.8154243,1.4403825,1.1994785,1.34874,surprise
1.483745,1.5224386,1.1756697,1.9426097,1.872258,1.5903064,1.0672464,1.1138631,surprise
1.4386971,1.8771548,1.1841267,1.714701,1.7493807,1.3216059,1.2933192,1.2528172,surprise
1.5632263,1.4884108,1.5274488,1.919,1.7809693,1.1076573,1.2530252,1.2063026,surprise
1.505216,1.3721864,1.1523038,1.8067787,1.8140138,1.5285037,1.0100839,1.2015804,surprise
1.7478063,1.5149955,0.91452,1.9796185,1.8060948,1.0311469,1.0829076,1.0915575,surprise
1.4179077,1.7267541,1.0835944,1.712094,1.4361451,1.3502175,1.0838231,1.1183498,surprise
1.3860555,1.3332714,1.1498269,1.3980575,1.5995365,1.3059136,1.3936658,1.28693,surprise
1.3887787,1.5168792,1.3334974,1.5614843,1.470226,1.0976895,1.0700272,1.3210198,surprise
1.5880476,1.5057418,0.98495543,1.7461908,1.6239789,0.9837968,1.1057667,1.0704414,surprise
1.6837113,1.4775933,1.4083658,2.007302,1.7468778,1.201935,1.4405159,1.1971006,surprise
1.5698742,1.229218,1.1049572,1.6623557,1.4205011,1.0769948,1.139584,1.3032335,surprise
1.4730443,1.5128784,1.4558514,1.8426417,1.6710408,1.1561713,1.153842,1.2430958,surprise
1.580245,1.7737864,0.99873656,2.0006263,1.6849942,1.1529214,0.9443281,1.0631702,surprise
1.9399811,1.2447323,1.1826246,1.7679778,1.9638637,0.98164845,1.2272235,1.1971974,surprise
1.5610192,1.3489463,1.158876,1.8437449,1.8623459,1.5567621,1.0413224,1.1592749,surprise
1.6739874,1.3112693,1.3464053,2.197537,1.7868284,1.3002288,1.319825,1.0481498,surprise
1.7547897,1.8279635,1.2765174,2.053965,1.8227035,1.3906891,1.2704556,1.2121991,surprise
1.455486,1.6272347,1.2421324,1.961316,1.9872565,1.480028,1.1300652,1.2141511,surprise
1.6504642,1.2581244,1.3347034,1.948352,1.8271188,1.1096714,1.2028903,1.3412422,surprise
1.7133781,1.530389,1.0064603,1.6390864,1.5920783,1.1760396,0.99124455,1.3287657,surprise
1.3449924,1.6122937,0.8812108,1.6652559,1.5409037,1.2907798,1.2574819,1.3030014,surprise
1.479118,1.4430094,1.3875668,1.7798126,1.6471205,1.1300929,1.1124872,1.3628217,surprise
1.4756811,1.5080566,1.2176542,1.580572,1.640419,1.2369945,1.1695921,0.91676,surprise
1.2201189,1.7233212,1.2912054,1.5566754,1.6831675,1.2917176,1.1262689,1.2816759,surprise
1.662859,1.4042816,0.9473676,1.6834708,1.6935139,1.0565114,0.95057434,1.286407,surprise
1.4079627,1.7187304,1.2824047,1.5369265,1.8111736,1.284889,1.452631,1.1858996,surprise
1.6943243,1.6338372,0.9226275,1.9334922,1.8086509,1.19179,0.9768106,1.0512205,surprise
1.5151154,1.4114593,1.1945494,1.845753,1.7903819,1.5883718,1.109635,1.1478343,surprise
1.3189008,1.5631949,1.2018555,1.8769339,1.7586046,1.6126006,1.1475767,1.2039146,surprise
1.3379816,1.6254547,0.8826725,1.9221427,1.5056772,1.1001669,1.1035458,1.0638028,surprise
1.6153888,1.4391016,1.3292526,1.8410925,1.7245849,1.0228333,1.0581224,1.3504028,surprise
1.1931514,1.5526112,0.9639134,1.7323499,1.2356492,1.2125664,1.0948141,1.0711805,surprise
1.4208217,1.4136454,0.9661292,1.5699852,1.4614669,1.3977016,1.3534418,1.468742,surprise
1.6969024,1.3957155,0.9882476,1.8665057,1.7137793,1.0317231,0.9134334,1.1244497,surprise
1.4901959,1.59261,0.8165825,1.8499367,1.7089038,1.5395358,1.1597068,1.3015083,surprise
1.5169334,1.6091014,1.2002788,1.5836529,1.4401745,1.262197,0.9053785,1.0463332,surprise
1.6991423,1.7382585,1.3632432,1.8596597,1.7315167,1.2712038,1.3136016,1.3619161,surprise
1.4591068,1.5650429,1.1322644,2.0779488,2.010813,1.4032123,0.95672953,1.1244864,surprise
1.6524851,1.7610816,1.0011556,1.6407431,1.764825,1.384263,1.0309756,1.2137586,surprise
1.5651644,1.5823578,1.0695024,1.8943487,1.3965986,1.2164806,1.0685933,1.1906704,surprise
1.6817992,1.4886829,1.3712025,1.9678904,1.8171341,1.1618805,0.98400986,1.17711,surprise
1.380486,1.7956064,1.2212371,1.7663114,1.7818435,1.259687,0.9965694,1.0239958,surprise
1.5131552,1.3143249,1.220662,1.7297019,1.7567258,1.515221,1.1033828,1.2586248,surprise
1.3653916,1.671565,1.2790078,1.6504709,1.8419826,1.299214,1.1817735,1.1265478,surprise
1.4991872,1.5788727,1.0309187,1.9039075,1.5764395,1.0270123,1.1079469,1.0834085,surprise
1.713931,1.4273998,1.3573246,1.9314944,1.8098963,1.2365073,1.1806766,1.0625432,surprise
1.6520685,1.7213,1.0118312,1.7903162,1.7749019,1.3964245,0.91871554,1.281775,surprise
1.5365509,1.3788881,1.2011683,1.8209724,1.8552157,1.5170035,1.0410048,1.1917211,surprise
1.597799,1.5440675,1.0267948,2.1050267,1.7989151,1.4866575,1.2881685,1.2354447,surprise
1.5928681,1.41002,1.1784472,1.8141764,1.521169,1.0932528,1.2196376,1.2992684,surprise
1.4570261,1.4574212,0.98565835,1.762268,1.7829368,1.2368467,1.1682564,1.1948366,surprise
1.7109933,1.8506268,1.0264485,1.7165399,1.8640668,1.6714497,1.0889182,1.2556418,surprise
1.6412003,1.6117202,1.3947188,1.6805689,1.7043724,1.3000458,1.1072159,1.1105568,surprise
1.5938778,1.4809961,1.0005374,1.9615881,1.6138715,1.1009153,1.047947,1.2880882,surprise
1.5683746,1.61095,1.1452271,1.6421266,1.865717,1.2895015,0.95616126,1.1548663,surprise
1.4510723,1.697306,1.0972233,1.7805334,1.7844149,1.1250908,1.1453207,1.0365391,surprise
1.7309022,1.5835624,1.1713355,1.7411811,1.6670182,1.4014292,1.0360364,1.2361417,surprise
1.5991884,1.3317596,0.93954045,1.8014889,1.6629834,1.0696013,1.0990943,1.2468215,surprise
1.3764082,1.6165717,0.9445555,1.8200625,1.4504298,1.1486447,1.0554235,1.0487456,surprise
1.5627873,1.5387774,1.3548318,2.1183589,1.835409,1.2667534,1.0146577,1.2093302,surprise
1.6262151,1.660413,1.4187484,1.9537315,1.6676736,1.4598019,1.3191749,1.3450544,surprise
1.3984903,1.4464166,1.488452,1.6423494,1.6490953,1.3338902,1.2233092,0.8559907,surprise
1.9103886,1.5066897,1.1005907,1.9600629,1.954749,1.2237226,1.1201308,1.2833618,surprise
1.397565,1.358023,1.09729,1.7714176,1.1709346,1.0448531,1.1009587,1.0911385,surprise
1.6763965,1.4459759,1.2404771,2.0666337,1.6768556,1.0322092,1.0383538,1.3413534,surprise
1.6373085,1.7001098,1.3007263,1.7483987,1.6930436,1.4405149,1.1088457,1.281878,surprise
1.790133,1.261833,1.3575962,1.8936328,1.5863025,1.0974221,1.2983811,1.2910255,surprise
1.2244512,1.6696899,1.2651025,1.55223,1.6523628,1.4432427,0.95316595,1.2044163,surprise
1.4681479,1.590468,0.80218345,1.6859549,1.7641197,1.3573889,1.2890604,1.1625644,surprise
1.5013454,1.7910767,1.0523019,1.8226862,1.6286014,1.124629,1.1027414,1.1465242,surprise
1.7196115,1.4896399,1.2618239,1.9818604,2.1428888,1.0820777,1.1063999,1.0553589,surprise
1.6824744,1.6604692,1.253404,1.7571166,1.8385608,1.1617554,1.0682484,1.1094872,surprise
1.4719692,1.7935447,1.222545,1.9855565,1.742304,1.2626219,1.0413908,1.2302499,surprise
1.687584,1.5457712,1.0253693,1.8898365,1.8781685,1.5666171,1.3212986,1.299757,surprise
1.6952326,1.5343692,0.87006694,1.8326421,1.6570269,1.1416261,0.9599102,1.1840099,surprise
1.621501,1.6754282,1.0559517,1.8929269,1.8269411,1.1348819,1.0213736,1.1917317,surprise
1.5188042,1.4417918,1.5281718,1.7247226,1.8914353,1.192671,1.2777414,1.1183594,surprise
1.5949605,1.6733582,1.0267606,1.9516904,1.6734167,1.39795,1.041802,1.2355756,surprise
1.6501082,1.7561741,1.2107519,2.0716324,1.7741117,1.2103117,1.1736205,1.2229524,surprise
1.7862945,1.6749026,1.1314839,1.9358815,1.8306761,1.3388145,1.1144485,1.2710508,surprise
1.005593,2.5114672,0.883747,2.6332955,2.235585,1.8173095,1.1638701,0.8093387,happy
0.6552279,2.410845,0.9730491,2.2726755,2.1522627,1.5100389,1.1315805,0.7386669,happy
0.62890375,2.4059985,1.0065742,2.1329582,1.8707101,1.6881241,1.1182492,1.0036063,happy
0.68342304,2.3682256,1.0384192,2.3931086,1.7082587,1.7202601,1.49203,0.767682,happy
0.39854702,2.364116,1.0146381,2.156765,1.8246946,1.5524806,0.897666,0.7670287,happy
0.47461766,2.4116843,1.1305608,2.1686995,1.8020209,1.7155536,1.264647,0.7369164,happy
0.7871671,2.3781605,1.2125597,2.1642103,2.0641363,1.7296321,1.380137,0.8465417,happy
0.5497627,2.457116,1.177457,2.1328616,2.0089383,1.7459109,1.2784535,0.85629916,happy
0.6631978,2.258705,0.9296277,2.3322415,1.9368446,1.6171516,0.96055007,0.75047493,happy
0.43993983,2.3498619,1.1151243,2.2018387,1.8941014,1.6207874,1.1509123,0.678862,happy
0.5794949,2.351448,1.3067231,2.1161458,1.8299884,1.7346978,1.4372716,0.79372007,happy
0.6085855,2.0846713,0.7602654,2.216433,1.9469594,1.359211,1.1184102,0.7943069,happy
0.6699708,2.7171628,1.202663,2.4562569,1.9374993,1.9406614,1.4576561,0.5309419,happy
0.7863194,2.3108423,1.1943145,2.295198,2.1458185,1.8623893,1.2879688,0.97209525,happy
0.6646733,2.4736803,1.2655674,2.052936,1.903345,1.7479364,1.5309994,0.9892716,happy
0.64706385,2.2875457,1.2350835,2.000292,1.8426083,1.7110502,1.2708446,1.1336658,happy
0.74458665,2.1679065,0.92485315,2.3303473,1.9128171,1.4989958,0.84984726,1.1502801,happy
0.7638019,2.2608173,1.1739204,2.22008,2.1213691,1.675243,1.2038659,0.8883619,happy
0.9531325,2.1890478,0.9626805,2.4621246,2.1083627,1.406707,0.9458064,0.9411835,happy
0.9217818,2.354902,1.2081618,2.0708935,1.9885913,1.6978025,1.581982,1.2027222,happy
0.40078074,2.5112286,0.8655636,2.245643,2.082906,1.6359494,1.3894991,0.8912626,happy
0.6059833,2.3488455,1.2024788,2.2444854,2.0964859,1.7257419,1.2655847,0.9024413,happy
0.45104727,2.4112146,1.1174424,2.2789652,2.0630682,1.8682375,1.2022272,0.8575436,happy
0.63273317,2.2660775,1.1027726,2.4128168,1.8327159,1.5592787,1.4212652,1.1433506,happy
0.3885123,2.3796518,1.0267175,2.1638696,1.8565139,1.6947428,0.9814511,0.95480156,happy
0.8422565,2.2805593,1.2369252,1.9929202,1.9669402,1.6411277,1.3146484,1.0341655,happy
0.55993795,2.547116,1.1478114,2.3081267,1.7236775,1.6596515,1.3710452,0.99399203,happy
0.74423844,2.3532174,1.2911593,1.9681293,1.9448571,1.7225085,1.4745289,0.94204193,happy
0.74616486,2.174102,1.2473979,2.1382601,2.0000076,1.5692257,1.2386605,0.88865817,happy
0.7321321,2.5862718,0.7960504,2.1732183,2.0140982,1.614006,1.2175895,0.8517209,happy
0.53698415,2.4558935,1.1155443,2.207196,1.7376416,1.7033335,1.5075256,1.0271828,happy
0.8656609,2.3138676,1.3592155,2.1055934,1.7670037,1.566903,1.2639024,1.0799563,happy
0.46969932,2.284317,1.0028268,2.1765509,1.8804581,1.6129178,0.9091458,0.9141108,happy
0.5318691,2.327609,1.0169978,2.1211348,1.863145,1.5404881,1.0375924,1.0038693,happy
0.50859416,2.2281651,1.0838664,1.9808416,1.6393979,1.4179693,1.2934288,1.1040723,happy
0.37207946,2.6246674,0.787858,2.3031142,1.8574007,1.5788404,1.1930447,0.72371095,happy
0.6577971,2.3398476,1.2331309,1.9780141,1.9007251,1.632799,1.3412503,1.0545925,happy
0.38190338,2.8015716,1.0711577,2.6797388,1.9317518,2.1524656,1.3062433,0.7074017,happy
0.64547676,2.1839192,1.2475691,2.057256,1.7872175,1.5678945,1.2114369,0.93036294,happy
0.61650795,2.144808,1.1502967,2.09026,1.802175,1.504652,1.2256534,0.7921965,happy
0.56029105,2.3621926,1.1305127,2.1284175,1.8477602,1.711124,1.0911617,1.0478928,happy
0.46122202,2.337952,1.0328542,2.2315478,1.8890133,1.5287144,0.9230312,0.8324774,happy
0.3448746,2.2603326,1.1817613,2.1777894,1.746206,1.6370226,1.0866691,0.7508798,happy
0.41699415,2.2991593,1.0329399,2.0907717,1.7925258,1.5097154,0.94155324,0.895375,happy
0.73231965,2.3276489,1.032947,2.3591506,2.117598,1.6164241,1.032852,0.82190967,happy
0.83817166,2.321217,1.1760136,2.462762,1.801162,1.599506,1.4913249,0.6346505,happy
1.0774765,2.0938308,0.91301244,2.3133237,1.8123745,1.5328709,1.2671324,1.0090903,happy
0.58172965,2.4599526,1.2949454,2.136153,1.8660307,1.8618522,1.4312973,0.8526776,happy
0.6653417,2.5417678,1.1650028,2.0717292,2.0220687,1.7758201,1.5302502,1.0222341,happy
0.79869354,2.4033892,0.9596619,2.068674,1.6576304,1.6377087,1.1606718,0.9703443,happy
0.58983755,2.4544504,1.1683842,2.2528622,1.972093,1.6606697,1.3247131,0.6948285,happy
0.7966841,2.4865143,0.7720104,2.2241266,2.0941064,1.6532018,1.0539488,0.84565395,happy
0.32418528,2.3664718,1.1208174,2.6955884,1.9771549,1.5043138,1.0312468,0.5320994,happy
0.81871706,1.8697547,1.1354103,2.1542242,1.636155,1.3839172,1.4303906,1.1388,happy
0.6270771,2.445302,1.1945565,2.1928508,1.9346874,1.6233094,1.3432211,0.8753873,happy
0.3633254,2.461028,0.9344158,2.4428802,2.1500528,1.8829986,1.0518036,0.86292505,happy
0.56381255,2.241228,0.8601039,2.0063822,1.6569619,1.3715724,1.0168968,0.8263043,happy
0.61096454,2.2787805,1.1463635,2.1455607,1.8836571,1.540005,1.1659995,0.8978797,happy
0.72532356,2.3077586,1.2176353,1.9272784,1.8029875,1.6002668,1.3708055,0.99547476,happy
0.74476737,2.2115755,1.0742313,2.1375258,1.9255536,1.5908053,1.0839213,1.1122084,happy
0.60925967,2.3295326,0.99625546,2.120263,1.9148648,1.5193393,1.0071905,0.93872774,happy
0.8666851,2.6231992,1.1811237,2.3746383,2.1510046,1.7247281,1.5900385,0.97712684,happy
0.7040304,2.3822446,1.2548134,1.9765236,1.92182,1.7182262,1.3392537,1.0506476,happy
0.61018485,2.2511315,0.5595435,2.126676,1.6287066,1.5146848,0.90283823,0.8703124,happy
0.58156276,2.524724,1.1855015,2.2612047,2.0177016,1.6670902,1.3653184,0.716371,happy
0.58971703,2.279235,1.406845,2.305068,1.7600073,1.7119763,1.6973575,0.81039304,happy
0.6380929,2.267436,1.0654396,2.0771203,1.8088416,1.5476619,0.9303401,0.9025049,happy
0.38244456,2.4850256,0.9008399,2.3238919,1.7501714,1.4884669,0.957253,0.8140731,happy
0.66851,2.1931427,0.79864,2.596397,1.6266717,1.2253327,0.78753954,0.5825621,happy
0.78195626,2.393296,1.2023096,2.0259917,2.0428808,1.6329235,1.4093214,1.0049633,happy
0.8107107,2.3963194,1.0745531,2.1108818,2.063686,1.5388273,1.1612959,0.9155028,happy
0.73760086,2.0044906,1.0018674,2.6000707,1.8389494,1.4682473,1.0558267,1.0328436,happy
0.66389513,2.333482,1.2278588,2.4688184,1.8766222,1.5992793,1.2499557,0.73606527,happy
0.7832624,2.2581065,1.0413715,2.1317434,1.971351,1.4910265,1.0247755,0.8340263,happy
0.57166785,2.5959985,1.2589985,2.0267308,1.8444725,1.9072942,1.6228201,1.1021883,happy
0.6762142,2.323374,1.1949532,2.1574996,2.0709033,1.516194,1.2976291,0.824827,happy
0.71789265,2.1966934,0.917633,2.1374178,2.1200933,1.3687099,1.1765282,0.84426755,happy
0.7657705,2.2703297,1.0095485,2.1812117,1.9952121,1.3796014,0.9520244,0.89739203,happy
0.62582487,2.4218178,1.2225572,2.0916164,1.9821956,1.6650326,1.3370965,0.9203323,happy
1.3512443,2.1006646,0.9310565,2.3576746,2.2718272,1.4406134,1.1066052,0.8898887,happy
0.87383676,2.4965868,1.057866,2.3368113,1.9010209,1.8220278,1.5395448,0.96084166,happy
0.38976213,2.3181007,0.9858289,2.1458585,1.8193035,1.5992362,0.87583727,0.86179185,happy
0.4479451,2.196725,0.70508593,2.1079416,1.5154577,1.6314373,1.1684779,0.8954222,happy
0.5770107,2.2175565,1.1035048,2.4664538,1.7509719,1.2914811,0.99718136,0.85976094,happy
0.7718804,2.4282994,1.0356168,2.3226745,1.9479083,1.4878305,1.2494786,0.9967213,happy
0.6300956,2.3070872,1.2874533,2.0298927,1.8639823,1.622725,1.324651,0.9145304,happy
0.1831006,2.5284934,0.99563557,2.573214,2.1104257,1.9323274,1.2523867,0.9230989,happy
0.44305617,2.4968212,0.9333926,2.409008,1.8285699,1.4337937,0.9954763,0.7672729,happy
0.8029152,2.065235,1.0743376,2.1392376,1.7819513,1.7348506,1.5674036,1.3090273,happy
0.7214098,2.5167704,1.136529,2.259529,1.8942276,1.7098483,1.3180856,0.9916215,happy
0.8792385,2.2191713,0.8469089,2.2015886,1.5345393,1.6421946,1.074098,1.0516862,happy
0.3832186,2.2711084,0.9321563,2.2366056,1.601536,1.4076055,1.1524261,0.86183786,happy
0.740342,2.381126,1.0684372,2.1657145,1.9447507,1.5230483,1.1356728,0.8705137,happy
0.77682614,2.458856,1.2500147,2.0717885,1.9283937,1.6965644,1.5309278,0.89250416,happy
0.45957687,2.4813173,1.1482289,2.1809273,1.9816686,1.7352691,1.2993398,0.85988563,happy
0.5121305,2.49214,1.0336192,2.567919,2.2135623,2.0151513,1.2719827,0.79236954,happy
0.51702684,2.3358693,1.1359702,2.067205,1.9155465,1.6272253,1.2319415,0.91599196,happy
0.47953847,2.3750396,1.0537305,2.2904122,1.9251114,1.6359067,1.1287955,0.7032869,happy
0.5517383,2.2786148,1.2751762,2.178887,1.8238354,1.6301131,1.3288823,0.87828094,happy
0.6132826,2.2683632,0.83912265,2.1505597,1.701599,1.4224195,0.63928246,0.766475,happy
1.1533122,1.1439272,1.522152,0.6668305,0.950739,1.5558542,1.6978719,2.042699,sad
1.4945694,1.2252164,1.9318428,0.8218014,1.0346978,1.3632308,1.6712042,2.0428221,sad
1.5372914,1.0129639,1.6740005,0.77848446,1.2137859,1.479475,1.8333917,1.9438642,sad
1.3864056,1.3722992,1.6474414,0.73434234,1.1179605,1.8276885,1.9729166,2.2022812,sad
1.3649926,1.1532103,1.4457783,0.90422106,0.91896033,1.3150111,1.5920348,1.9985249,sad
1.4300758,1.2906338,1.5747871,0.6613963,1.1987159,1.5883445,1.9289646,1.8780392,sad
1.8149126,0.79055643,1.8058097,0.6348249,0.975463,1.1985499,1.7891203,2.0270247,sad
1.3337058,1.2039496,1.7007769,1.1186393,1.1881723,1.5932686,1.5184443,1.7907538,sad
1.355705,1.4002591,1.9041411,0.67769206,1.1708257,1.3921742,2.0353866,1.9405682,sad
1.5392444,1.2646128,1.9440498,0.87881374,1.212227,1.2725201,1.719965,2.0386739,sad
1.188193,1.2588905,1.3126509,0.8245299,0.66398513,1.2959485,1.5009764,1.9371339,sad
1.2930624,1.1394824,1.6166095,0.7150691,1.0378191,1.4417443,1.8335795,1.9842793,sad
1.3942922,1.1755135,1.5709724,0.7720074,1.1905799,1.5455943,1.858993,2.0763326,sad
1.345938,1.1071765,1.7967137,0.7711237,1.0966163,1.2881113,1.8640659,1.8418229,sad
1.5752487,1.065376,1.5972531,0.85312945,1.2244714,1.6062847,1.7469565,2.0157034,sad
1.2633872,1.4381939,1.6114963,0.81406265,1.1115363,1.2781155,1.749463,1.7557273,sad
1.20448,1.3774092,1.9365923,0.677972,0.9528497,1.5116202,1.7658452,1.9121962,sad
1.3778611,1.3312454,1.5623016,0.898596,0.92384934,1.2468506,1.4948401,1.8630459,sad
1.541123,1.4584472,1.7012445,1.0754666,1.2984918,1.3715099,1.9091442,1.7531594,sad
1.4413047,1.2600913,1.6605258,0.75230145,1.0528501,1.5259317,1.8395153,2.1723993,sad
1.2756491,1.0438942,1.5243483,0.9128912,0.7946151,1.2480497,1.6496586,1.692994,sad
1.5545484,1.1365056,1.6455556,1.0433441,1.0237806,1.4438862,1.883195,2.095122,sad
1.4612689,1.2175549,1.7118772,0.8152306,0.981357,1.0613376,1.5087262,1.9766921,sad
1.387334,1.2279421,1.7591251,0.7921373,1.1997051,1.4567802,1.88098,1.6922766,sad
1.3747505,1.0804514,1.6368564,0.71129125,0.7886695,1.4725851,1.765231,2.0284476,sad
1.4299923,1.1486872,1.4812067,0.68642145,1.025814,1.2793026,1.7160933,1.8584659,sad
1.5746788,1.2955908,1.7850193,0.74050087,1.1724342,1.3948914,1.8905945,1.9867228,sad
1.3849851,1.0243548,1.6340641,0.5546983,0.9245699,1.3398703,1.7819309,2.013478,sad
1.7353572,1.1813314,1.9898561,0.9300436,1.1933116,1.3693935,2.0543375,2.074905,sad
1.3544239,1.0748754,1.5689247,0.8973416,0.98213124,1.2215976,1.7007252,1.9500661,sad
1.7813681,1.1314828,1.630112,0.92504674,1.1550512,1.4213479,1.550269,1.8876759,sad
1.369911,1.2731185,1.9830197,1.0511233,0.86839944,1.3680142,1.9818741,1.7535498,sad
1.5997112,1.2548853,1.830726,0.9765537,1.102978,1.051479,1.8037869,1.8281825,sad
1.4548603,1.215646,1.4853435,0.84025925,1.1625481,1.2505633,1.6255901,1.7839191,sad
1.4505334,1.0526059,1.6519498,0.7337641,1.1925616,1.6056862,1.8693633,1.8970768,sad
1.6124085,0.91972435,1.8089796,0.71266186,1.0333619,1.2321029,1.9359416,1.9465632,sad
1.3916421,1.0806521,1.6927009,0.56929094,1.0146196,1.4367619,1.8252121,2.2007546,sad
1.5194368,1.1057642,1.6112021,0.91482806,0.8674899,1.1139492,1.4624953,1.8479291,sad
1.5563545,1.0476506,1.6745561,0.59750575,0.9268787,1.2782587,1.6939788,2.1896327,sad
1.4272727,0.9510512,1.7037524,1.0486995,0.90624547,1.4254013,1.4407243,1.9747754,sad
1.4161308,1.3257594,1.5052978,0.8383429,1.1254627,1.278797,1.5865055,2.0308769,sad
1.5796931,1.0152072,1.9078306,0.98094696,0.82401395,1.0886097,1.6227763,2.0204778,sad
1.6831807,1.2265877,1.539441,0.95516396,1.3685641,1.7406282,1.80313,1.9433776,sad
1.1773278,1.4850773,1.4900604,0.70808494,0.96289754,1.4480705,1.8030006,1.8389088,sad
1.2749445,1.147458,1.6003356,0.6321923,0.91809624,1.4744828,1.8410468,2.1287723,sad
1.3129953,1.171925,1.4405054,0.79702985,0.9958152,1.4461027,1.5589801,2.1804712,sad
1.2433223,1.2924559,1.6242744,0.97935945,0.7183273,1.581219,1.6871682,2.0027468,sad
1.5863652,1.2800455,1.4725088,1.112894,1.3054029,1.692282,1.7766993,1.9280528,sad
1.2763801,1.1184043,1.5978113,0.69324285,0.92867017,1.3200315,1.7356255,2.039593,sad
1.3791447,1.3228141,1.5772507,0.62312675,1.1592494,1.5380951,1.9289702,1.898199,sad
1.6181735,1.2392473,1.5103303,0.9174709,1.1905457,1.184892,1.5395232,1.9439458,sad
1.431423,1.2136738,1.6107544,0.63245213,1.1513716,1.4956552,1.8813784,1.8814684,sad
1.4244496,1.0577708,1.8037945,0.67266095,0.9813115,1.2416797,1.8449103,1.981128,sad
1.3604037,0.9756928,1.7418375,0.65833056,0.8085764,1.1793892,1.659954,2.0902598,sad
1.2762182,1.2272326,1.4753792,0.6163933,0.9057514,1.3319345,1.7111566,1.9699991,sad
1.3695129,1.1493379,1.6316097,0.66321975,1.1589425,1.5491941,1.833119,2.0906374,sad
1.3725396,1.1102899,1.5722091,0.5645963,0.93665206,1.3156173,1.7548597,2.046577,sad
1.5748687,0.9798202,1.7355824,0.8688304,1.0173367,1.4031441,1.9731704,1.7894149,sad
1.2566423,1.2498603,1.4499539,0.7218618,1.0331155,1.4161376,1.7321748,1.8707846,sad
1.2740729,1.2094079,2.0113132,0.7890123,0.87543666,1.2786399,1.6142997,1.8870478,sad
1.232545,1.4254695,2.0651329,0.96806645,1.0075014,1.4632125,1.7293977,1.8547928,sad
1.5823148,0.9806906,1.6710895,0.9684377,1.182,1.1720161,1.7834435,1.6518792,sad
1.1952211,1.1083056,1.6691924,0.679866,0.907173,1.4161134,1.8512862,2.0725958,sad
1.2031553,1.2022127,1.6069726,0.91829044,0.84085524,1.4131542,1.8043532,1.8069155,sad
1.7537594,1.1346351,1.7542064,1.0737056,0.97975254,1.4004598,1.9532545,1.92701,sad
1.2642044,0.9823519,1.8955097,1.0786933,0.9174975,1.1541759,1.6298033,2.0438576,sad
1.6218671,1.1202172,1.7200153,0.8033007,1.1031424,1.1549486,1.5426223,1.903475,sad
1.2868736,1.312371,1.6188688,0.97414804,0.77274233,1.1999592,1.416015,1.9402412,sad
1.4167149,1.1521025,1.5231211,0.867647,1.2399813,1.3966252,1.7015399,1.9306922,sad
1.1651634,1.1548028,1.8804888,0.91594666,0.91425025,1.6114639,1.6756861,1.6173776,sad
1.445006,1.2931852,1.7136649,0.82575226,1.1350613,1.240373,1.4490544,1.9095873,sad
1.4219255,1.1445783,1.762012,0.68451196,1.154677,1.3772742,1.8930655,2.0254984,sad
1.4808568,1.27649,1.6947161,0.9392698,0.85210216,1.6515552,1.6348692,1.9752213,sad
1.4837427,1.273277,1.3776125,0.891336,1.2652396,1.3531288,1.6952353,1.8338233,sad
1.4266489,1.2041548,1.5815165,0.7069974,1.0589707,1.332297,1.7453928,2.1158226,sad
1.2902037,1.137539,1.5714289,0.6330065,0.9606431,1.4318055,1.7441913,2.112231,sad
1.3820764,1.141057,1.8941927,0.6545923,1.1849957,1.4254864,1.7378173,2.0721397,sad
1.4178277,1.1182119,1.7562288,0.7411143,0.88461864,1.2124628,1.7397876,1.9399663,sad
1.458153,1.0318758,1.7196672,0.65718305,1.0884273,1.3629442,1.8369105,1.9609159,sad
1.7345321,0.860211,1.7527698,0.6425561,1.0505493,1.3443735,1.9267105,1.9732981,sad
1.5556821,0.93169945,1.7819954,0.8926821,0.7317677,1.0993226,1.726295,1.8093294,sad
1.3400774,1.1916585,1.4477276,0.70366794,0.99600804,1.2461436,1.5937835,1.9175951,sad
1.4647348,1.485253,1.4722979,1.1005293,1.1237866,1.3583184,1.6202524,1.8961753,sad
1.4400992,1.4415792,1.999664,1.0127345,1.1309717,1.3169076,1.9965085,1.9761977,sad
1.504383,0.94308954,2.041575,0.9965064,0.7786941,0.9728607,1.6233531,1.9091595,sad
1.4883484,1.118114,1.7081017,0.8000814,0.97167194,1.2814329,1.7612245,2.13628,sad
1.4083643,1.3088019,1.9403825,0.7770895,1.146102,1.279547,1.8037676,1.7280306,sad
1.4165233,1.1628817,1.442648,0.6406894,0.9715514,1.430664,1.6873586,1.947347,sad
1.3352427,1.2386491,1.4545732,0.68069303,0.9620381,1.3548921,1.6929867,2.0028877,sad
1.6092159,1.1785877,1.7643906,0.90993637,1.1543577,1.1962581,1.8486004,1.8203055,sad
1.3747175,1.0957726,1.3656486,0.9463181,0.7679415,1.1353925,1.4852856,1.7594907,sad
1.5773748,1.3225652,1.7058898,0.48468298,1.0619673,1.485865,1.8747741,2.1319745,sad
1.546936,1.1337415,1.636838,0.68014884,1.0875273,1.6162043,2.0082965,2.062518,sad
1.3603313,1.1001302,1.5455823,0.77847624,0.9438982,1.3139881,1.5948346,2.1311622,sad
1.3673368,1.3055406,1.6602975,0.9650029,1.0158898,1.1386464,1.6492851,1.9504672,sad
1.5422691,1.4264128,1.8311102,0.78323156,1.2910776,1.4609251,1.8487753,2.0067048,sad
1.6098456,1.0934868,1.961044,0.7627246,1.2081425,1.4148737,1.8045307,2.1862094,sad
1.4182761,1.486979,1.6609589,0.85470545,0.8890984,1.3062357,1.6326312,1.8116004,sad
1.2951866,1.2504374,1.8131603,0.87601846,1.1299312,1.4874511,2.0476508,2.002713,sad
1.3624374,1.1410192,1.5384479,0.81703067,0.91159844,1.3048162,1.7203116,1.8423926,sad
1.7711538,0.28703377,1.681228,1.4457355,0.8514464,0.49413535,1.1060221,1.1494648,disgust
1.9273316,0.2114971,1.8453242,1.4792122,1.2570881,0.7464591,0.92883223,1.2352301,disgust
1.9844946,0.08243037,1.8758467,1.2525765,1.2387483,0.34433445,0.97347057,1.404764,disgust
1.7491243,0.31595296,1.5962325,1.1186088,1.1281116,0.89580554,1.2050716,1.5290958,disgust
1.8198305,0.21427405,1.5167245,1.3680897,1.1010453,0.5799427,0.96338904,1.4098573,disgust
1.9076242,0.46757627,1.8689417,1.2707424,1.0647169,0.32794675,0.8830788,1.3856741,disgust
2.0391884,0.3190666,1.763753,1.3106017,1.1517011,0.52796775,1.199303,1.3984888,disgust
1.8591576,0.2157856,1.6928357,1.5362203,1.0263602,0.51507163,1.1398711,1.1188213,disgust
1.9378473,0.42046914,1.9542887,1.3251168,1.0132318,0.3653788,1.0592713,1.4410026,disgust
2.252654,0.3538135,1.8282266,1.3134001,1.2224813,0.47364432,1.2852691,1.3828793,disgust
1.8305407,0.3676452,1.5790377,1.2443519,0.7387629,0.33586273,0.9960036,1.3071433,disgust
1.8477424,0.14024632,1.7464551,1.5026392,0.8816028,0.38386112,1.0650176,1.1022509,disgust
1.8105057,0.5176257,1.7085304,1.081794,1.2190948,0.92352414,1.5012779,1.3766034,disgust
1.9389004,0.5649235,1.6748375,1.4996662,1.1017866,0.4105278,1.073224,1.1140742,disgust
1.9079173,0.27942047,1.624331,1.4998144,0.8008951,0.3522985,0.9519982,1.064251,disgust
1.849592,0.22805953,1.7350214,1.3968879,0.96507746,0.4586548,1.1856762,1.1361855,disgust
1.8383956,0.28338397,1.5668359,1.3333051,1.0312514,0.5101271,1.0177839,1.5093179,disgust
2.155964,0.30986065,1.7295465,1.4426713,1.1872046,0.35631272,1.1628128,1.3019435,disgust
1.9793073,0.35374895,1.7471248,1.3189938,1.2232964,0.5641837,1.2710176,1.3707325,disgust
1.8459398,0.35954773,1.6660898,1.2976995,1.316754,0.7188013,1.2091553,1.3173815,disgust
1.9211059,0.3160279,1.7815307,1.4577619,1.1003474,0.60071945,1.344381,1.1631286,disgust
2.122096,0.32383907,1.7892245,1.4199588,1.0771583,0.39762926,1.2164308,1.4583001,disgust
2.092681,0.28033042,1.6593536,1.6073787,1.1333609,0.4722662,1.1073714,1.2518471,disgust
1.8325704,0.31048644,1.6894848,1.5081176,0.7409491,0.34762245,0.9618769,1.1109583,disgust
2.0439656,0.30023566,1.8318772,1.299906,1.2153088,0.45330086,1.1790353,1.3655417,disgust
1.8212595,0.30384925,1.4068197,1.3594636,0.80053,0.31905535,0.67383033,1.1768135,disgust
2.0410507,0.44670048,1.9532144,1.323714,1.0554973,0.69235086,1.2846128,1.4466414,disgust
2.0363555,0.4299795,1.6516378,1.6811861,1.1918124,0.35687676,0.9413777,1.1592853,disgust
2.146751,0.108602665,1.6659291,1.3945616,0.92915946,0.28007427,0.9220121,1.3422282,disgust
1.8279274,0.54964405,1.8358995,1.2294911,1.3847864,0.50671077,1.124124,1.2584313,disgust
1.9787151,0.30497,1.9260639,1.1774906,0.75136966,0.58791965,1.3543706,1.3601452,disgust
1.7638793,0.51896346,1.7222708,1.2314469,1.1639019,0.5755391,0.8285006,1.0420581,disgust
2.405396,0.0,1.9072925,1.3178173,1.3931421,0.21335553,1.0851514,1.312408,disgust
1.8240321,0.3166001,1.766235,1.4327757,0.9010638,0.59847283,1.2397568,1.1492001,disgust
2.114442,0.5362477,1.5469944,1.4057952,1.3137527,0.60541505,1.0057629,1.4411991,disgust
2.1619837,0.48521048,1.6672852,1.6173391,1.074408,0.7388517,0.9188637,1.2515548,disgust
1.819035,0.21833454,1.6444547,1.3679838,1.0376105,0.44054025,1.0330949,1.399671,disgust
1.8915355,0.26916885,1.703591,1.406383,1.0157118,0.51559144,1.2151351,1.1389146,disgust
1.7813376,0.38501075,1.7854998,1.4940763,1.1347938,0.79731345,0.9367771,1.4087666,disgust
2.0192397,0.3295607,1.7635396,1.3089856,1.1257552,0.25604826,0.92930454,1.2488244,disgust
1.7046013,0.77868783,1.7235686,1.3433713,0.8338413,0.7566122,1.2818353,1.2868948,disgust
1.837246,0.3395196,1.8386633,1.297869,0.7686074,0.42517668,1.0187511,1.485142,disgust
2.1379418,0.3763665,1.7528905,1.1431665,1.1171,0.55767745,1.1563753,1.576154,disgust
1.769158,0.47035325,1.712667,1.4654559,1.0674909,0.94183546,1.0839365,1.4436057,disgust
2.0542674,0.2959772,1.9110683,1.6181965,1.3380685,0.74559,1.3556542,1.2308834,disgust
1.5441098,0.42183974,1.9939458,1.2202137,0.7679158,0.5994104,0.86322266,1.0825857,disgust
1.9168478,0.04572679,1.812629,1.325191,0.99906754,0.42115965,0.99957323,1.4102566,disgust
2.0576487,0.56297225,1.3923202,1.5932236,1.1321654,0.49115878,0.7723619,1.2635645,disgust
2.0012026,0.40771076,1.7500348,1.2722275,1.0633862,0.3437447,0.7117369,1.4361845,disgust
1.840791,0.41782945,1.7517757,1.4574537,1.0762968,0.8645273,1.0617722,1.4951999,disgust
1.9131882,0.38267952,1.6699249,1.1910243,1.2607931,0.73315597,1.2544446,1.3505439,disgust
2.0063524,0.14116389,1.7645967,1.2903172,1.1782854,0.59053797,1.2092763,1.4273883,disgust
2.1849566,0.59915733,1.9547051,1.3440478,1.2051122,0.6104066,1.1142976,1.3701211,disgust
1.8588715,0.5146704,1.8465647,1.4816351,1.1876096,0.8662308,1.1385566,1.5417848,disgust
1.742485,0.22523402,1.719747,1.426799,0.97392845,0.5058224,1.1858245,1.1913835,disgust
1.6830281,0.36253867,1.6825415,1.3953197,0.9099941,0.5423514,1.1341469,1.1926985,disgust
1.7514511,0.477931,1.6537302,1.0459137,1.0767474,0.72178847,1.3099618,1.4092106,disgust
1.8533386,0.32436737,1.6485932,1.3610495,1.2862686,0.64438546,1.1544843,1.2674841,disgust
1.8617486,0.33497965,1.6920425,1.3404953,1.182776,0.4398454,1.1813222,1.2722011,disgust
1.9410367,0.49142995,1.8094802,1.2887602,1.074291,0.6850392,1.3652337,1.3677595,disgust
1.8261192,0.44360787,1.8228905,1.4046985,1.2266012,0.8111756,1.0417467,1.5451177,disgust
1.8073099,0.20041181,1.639171,1.3895409,0.82624114,0.34655932,0.96956885,1.2258162,disgust
2.117928,0.16226324,1.8376058,1.3973875,0.9021508,0.37231305,1.1691436,1.1361897,disgust
1.9305642,0.23395772,1.7620431,1.582209,1.120298,0.50942713,1.209685,1.0289525,disgust
2.1345308,0.39001057,1.6284186,1.5951496,1.2381645,0.3665476,0.8631268,1.1740239,disgust
1.8463035,0.37254658,1.670175,1.1349465,1.1422293,0.67490095,1.2131544,1.3865348,disgust
1.8550662,0.21453984,1.723542,1.4320439,1.0282389,0.45884612,1.178053,1.0892228,disgust
1.7520678,0.2693826,1.6630514,1.4449542,0.8493989,0.43541446,1.0524893,1.1267527,disgust
1.8281056,0.5207843,1.7438279,1.5477443,1.1798586,0.9206392,1.1227314,1.4169316,disgust
1.9363236,0.39212766,1.8077223,1.5127628,1.1444132,0.93628097,1.1622779,1.3843493,disgust
1.9709215,0.30409423,2.20065,1.2585828,1.0056115,0.46311408,1.1592159,1.4229132,disgust
2.0217347,0.13790247,1.8371652,1.617822,1.1048807,0.5451705,1.2291828,1.0448401,disgust
1.9850806,0.24401496,1.648961,1.5210607,0.8347295,0.3303673,0.96325034,1.0895655,disgust
1.7632084,0.50954914,1.908748,1.042694,1.0387033,0.49098018,1.0227051,1.4246916,disgust
1.9902922,0.30658412,1.6205051,1.407584,0.9055374,0.35745272,1.0565971,1.2175404,disgust
2.0950918,0.23822668,1.7482353,1.397855,1.0045223,0.4429998,1.2022656,1.2865965,disgust
1.9030498,0.09558102,1.7502183,1.6594423,1.1773177,0.13295333,0.8451856,1.1893239,disgust
1.8792133,0.5815342,1.6421256,0.98072577,1.263033,0.8517421,1.4152547,1.4146045,disgust
1.7940975,0.21722595,1.8093317,1.4286661,1.0119678,0.3764039,1.0693799,1.2286061,disgust
2.1985898,0.18975645,1.7014886,1.2348931,1.3090558,0.35959938,1.0569006,1.2882702,disgust
2.064925,0.36312822,2.129015,1.4542729,1.2964293,0.3828199,1.2291354,1.3852547,disgust
2.0510795,0.040049087,1.8349131,1.4966391,0.7880382,0.24544434,0.92228097,1.3370525,disgust
2.2212958,0.2392398,1.7930747,1.3790841,1.1843839,0.4787,1.105393,1.5555047,disgust
2.0201628,0.13137956,2.0374446,1.3158616,1.1101692,0.37839785,1.059174,1.4980819,disgust
1.9364916,0.193823,1.753533,1.3154373,1.1469934,0.5880653,1.2763343,1.423958,disgust
2.0517247,0.19967777,1.7409172,1.36343,1.3363143,0.595295,1.2291834,1.298039,disgust
1.8365033,0.2727021,1.6882846,1.4710962,0.87901497,0.5150852,1.1094943,1.175124,disgust
1.9485368,0.55796826,1.7049943,1.5933636,1.2765981,0.8817121,1.1109606,1.4558625,disgust
2.0355568,0.31310347,2.102535,1.162574,1.1601261,0.4648964,1.3968992,1.4751549,disgust
2.1056962,0.39271268,1.8411299,1.4217092,0.96953976,0.32226655,0.9803558,1.3365403,disgust
1.9793574,0.22442348,1.7426492,1.3131325,1.0892842,0.44899166,1.0496379,1.4443835,disgust
1.6672698,0.4671346,1.760239,1.4078702,0.9355365,0.5582867,1.0579395,1.000997,disgust
2.0624623,0.5381334,1.5224494,1.3268652,1.5349767,0.795338,1.1660098,1.2182907,disgust
2.0422482,0.48000646,1.7304344,1.3195072,0.9250312,0.6896397,1.1779252,1.6101701,disgust
2.2489746,0.6857462,1.8477217,1.4418683,1.2882297,0.71474,1.1890001,1.2378839,disgust
2.122216,0.16939257,1.8136859,1.2164704,1.0404711,0.41296116,1.198681,1.3310499,disgust
1.958304,0.5948419,1.4035258,1.5979245,1.2617896,0.3830186,0.7589263,1.2046635,disgust
2.1061091,0.30008703,1.8360481,1.1998649,1.3883729,0.7411234,1.3593209,1.5012625,disgust
1.928205,0.23255408,1.6985497,1.503539,0.91982096,0.3342855,1.0240737,1.1447463,disgust
